{"cameraMode":{"drawMode":0,"name":"Shaded","section":"Shading Mode"},"sceneLighting":false,"audioPlay":false,"sceneViewState":{"showFog":true,"showMaterialUpdate":false,"showSkybox":false,"showFlares":true,"showImageEffects":true,"showParticleSystems":true,"showVisualEffectGraphs":true,"m_FxEnabled":true},"in2DMode":false,"pivot":{"x":-0.3722008466720581,"y":0.26376616954803469,"z":0.3063465356826782},"rotation":{"x":0.40545395016670229,"y":0.3328048288822174,"z":-0.16142144799232484,"w":0.8361850380897522},"size":0.8828211426734924,"orthographic":false}