{"cameraMode":{"drawMode":0,"name":"Shaded","section":"Shading Mode"},"sceneLighting":false,"audioPlay":false,"sceneViewState":{"showFog":true,"showMaterialUpdate":false,"showSkybox":false,"showFlares":true,"showImageEffects":true,"showParticleSystems":true,"showVisualEffectGraphs":true,"m_FxEnabled":true},"in2DMode":false,"pivot":{"x":-0.12549960613250733,"y":-0.20444560050964356,"z":0.3755001425743103},"rotation":{"x":0.174637570977211,"y":-0.014151636511087418,"z":0.001871568034403026,"w":0.984815239906311},"size":0.9195994138717651,"orthographic":false}