{"cameraMode":{"drawMode":0,"name":"Shaded","section":"Shading Mode"},"sceneLighting":false,"audioPlay":false,"sceneViewState":{"showFog":true,"showMaterialUpdate":false,"showSkybox":false,"showFlares":true,"showImageEffects":true,"showParticleSystems":true,"showVisualEffectGraphs":true,"m_FxEnabled":true},"in2DMode":false,"pivot":{"x":3.848982095718384,"y":1.1960296630859376,"z":-0.20882844924926759},"rotation":{"x":-0.16586892306804658,"y":0.17935536801815034,"z":-0.030734451487660409,"w":-0.9692418575286865},"size":2.1250009536743166,"orthographic":false}