{"cameraMode":{"drawMode":0,"name":"Shaded","section":"Shading Mode"},"sceneLighting":false,"audioPlay":false,"sceneViewState":{"showFog":true,"showMaterialUpdate":false,"showSkybox":false,"showFlares":true,"showImageEffects":true,"showParticleSystems":true,"showVisualEffectGraphs":true,"m_FxEnabled":true},"in2DMode":false,"pivot":{"x":-0.000004231929779052734,"y":1.5030957460403443,"z":1.5025402307510377},"rotation":{"x":-0.32610011100769045,"y":0.5201507210731506,"z":-0.2241075187921524,"w":-0.7568944692611694},"size":2.1314408779144289,"orthographic":false}