{"cameraMode":{"drawMode":0,"name":"Shaded","section":"Shading Mode"},"sceneLighting":false,"audioPlay":false,"sceneViewState":{"showFog":true,"showMaterialUpdate":false,"showSkybox":false,"showFlares":true,"showImageEffects":true,"showParticleSystems":true,"showVisualEffectGraphs":true,"m_FxEnabled":true},"in2DMode":false,"pivot":{"x":0.6819310188293457,"y":0.3737523555755615,"z":1.5435848236083985},"rotation":{"x":0.16420690715312959,"y":-0.8352283835411072,"z":0.35393384099006655,"w":0.3875402808189392},"size":2.1222407817840578,"orthographic":false}