{"cameraMode":{"drawMode":0,"name":"Shaded","section":"Shading Mode"},"sceneLighting":false,"audioPlay":false,"sceneViewState":{"showFog":true,"showMaterialUpdate":false,"showSkybox":false,"showFlares":true,"showImageEffects":true,"showParticleSystems":true,"showVisualEffectGraphs":true,"m_FxEnabled":true},"in2DMode":false,"pivot":{"x":-20.135297775268556,"y":-0.7828266024589539,"z":0.41721242666244509},"rotation":{"x":0.02928415685892105,"y":-0.701305627822876,"z":0.02797873318195343,"w":0.7120941877365112},"size":16.446903228759767,"orthographic":false}