{"cameraMode":{"drawMode":0,"name":"Shaded","section":"Shading Mode"},"sceneLighting":true,"audioPlay":false,"sceneViewState":{"showFog":true,"showMaterialUpdate":false,"showSkybox":true,"showFlares":true,"showImageEffects":true,"showParticleSystems":true,"showVisualEffectGraphs":true,"m_FxEnabled":true},"in2DMode":false,"pivot":{"x":-0.25447821617126467,"y":-3.9143412113189699,"z":-22.6932315826416},"rotation":{"x":-0.0037245203275233509,"y":0.996441125869751,"z":-0.07936842739582062,"w":-0.04197218269109726},"size":18.186532974243165,"orthographic":false}