{"cameraMode":{"drawMode":0,"name":"Shaded","section":"Shading Mode"},"sceneLighting":true,"audioPlay":false,"sceneViewState":{"showFog":true,"showMaterialUpdate":false,"showSkybox":true,"showFlares":true,"showImageEffects":true,"showParticleSystems":true,"showVisualEffectGraphs":true,"m_FxEnabled":true},"in2DMode":false,"pivot":{"x":4.990767478942871,"y":4.1240739822387699,"z":12.1620454788208},"rotation":{"x":0.1093297004699707,"y":-0.0069197253324091438,"z":-0.00022736896062269807,"w":-0.9944279789924622},"size":0.5599412322044373,"orthographic":false}