{"cameraMode":{"drawMode":0,"name":"Shaded","section":"Shading Mode"},"sceneLighting":true,"audioPlay":false,"sceneViewState":{"showFog":true,"showMaterialUpdate":false,"showSkybox":true,"showFlares":true,"showImageEffects":true,"showParticleSystems":true,"showVisualEffectGraphs":true,"m_FxEnabled":true},"in2DMode":false,"pivot":{"x":15.097646713256836,"y":1.0492711067199708,"z":19.68834686279297},"rotation":{"x":0.02155628614127636,"y":-0.7115079760551453,"z":0.02088850922882557,"w":0.7026849985122681},"size":0.5599412322044373,"orthographic":false}