{"cameraMode":{"drawMode":0,"name":"Shaded","section":"Shading Mode"},"sceneLighting":true,"audioPlay":false,"sceneViewState":{"showFog":true,"showMaterialUpdate":false,"showSkybox":true,"showFlares":true,"showImageEffects":true,"showParticleSystems":true,"showVisualEffectGraphs":true,"m_FxEnabled":true},"in2DMode":false,"pivot":{"x":10.563268661499024,"y":1.5586203336715699,"z":12.621175765991211},"rotation":{"x":0.026837043464183809,"y":-0.11910423636436463,"z":0.0029624670278280975,"w":0.9926537275314331},"size":1.752488613128662,"orthographic":false}